Season,Rk,Team,Conf,W,L,AdjEM,AdjO,AdjD,AdjT,Luck,OppAdjEM,OppO,OppD,NCAdjEM
2021,1,Gonzaga,WCC,0,0,38.05,126.8,88.8,74.8,0.018,7.82,105.7,97.9,5.99
2021,2,Michigan,B10,0,0,32.22,120.1,87.9,66.8,0.026,16.87,111.3,94.5,2.99
2021,3,Illinois,B10,0,0,32.04,119.7,87.6,70.7,0.03,18.88,112.6,93.7,9.95
2021,4,Baylor,B12,0,0,30.93,124,93,68.4,0.05,9.57,106.4,96.9,-4.18
2021,5,Iowa,B10,0,0,30.33,124.2,93.9,70,-0.028,16.91,110.3,93.4,-5.43
2021,6,Houston,Amer,0,0,30.25,119.6,89.4,64.9,-0.009,6.57,103.7,97.1,1.63
2021,7,Ohio St.,B10,0,0,26.85,123,96.1,67.1,0.003,18.78,111.7,92.9,2.86
2021,8,Alabama,SEC,0,0,26.42,112.4,86,73.9,0.031,14.2,109.7,95.5,8.88
2021,9,Loyola Chicago,MVC,0,0,25.18,111.1,85.9,64.2,-0.02,4.11,104.3,100.2,4.7
2021,10,Wisconsin,B10,0,0,24.08,113.2,89.1,64.9,-0.049,18.06,111.7,93.7,1.22
2021,11,Virginia,ACC,0,0,24.08,116.3,92.3,60.1,0.046,12.02,109.6,97.6,0.28
2021,12,Villanova,BE,0,0,24.05,119.3,95.3,65.1,-0.006,12.99,108.8,95.9,7.33
2021,13,Purdue,B10,0,0,23.7,114.3,90.6,66.5,0.019,17.27,111.5,94.2,5.71
2021,14,USC,P12,0,0,23.65,113.6,89.9,67.3,-0.006,11.13,108.1,97,5.03
2021,15,Florida St.,ACC,0,0,23.5,117.1,93.6,70.6,-0.011,12.54,108.8,96.2,4.23
2021,16,Connecticut,BE,0,0,23.33,114.3,90.9,66,-0.066,12.6,107.9,95.3,-2.02
2021,17,Colorado,P12,0,0,23.11,115.1,92,66.4,-0.033,10.78,107.8,97,1.99
2021,18,Arkansas,SEC,0,0,22.96,112.2,89.2,73.1,0.056,11.19,108.2,97,-5.28
2021,19,Creighton,BE,0,0,22.73,115.6,92.8,69.1,0.001,12.52,107.8,95.3,-1.4
2021,20,San Diego St.,MWC,0,0,22.72,111.5,88.8,66.1,0.018,6.26,105.7,99.4,10.85
2021,21,Tennessee,SEC,0,0,22.49,109.5,87,67.3,-0.007,12.44,108.3,95.8,-0.69
2021,22,Kansas,B12,0,0,22.46,110.3,87.9,68.3,0.042,14.71,110,95.3,10.14
2021,23,Texas Tech,B12,0,0,22.38,113.1,90.7,65.4,-0.091,11.29,108,96.7,-5.55
2021,24,BYU,WCC,0,0,22.37,113.8,91.4,68,0.045,10.28,107.8,97.5,8.69
2021,25,St. Bonaventure,A10,0,0,22.25,112,89.8,65.2,0.014,8.29,105.8,97.6,2.86
2021,26,Texas,B12,0,0,22.01,114.5,92.5,69.2,0.017,14.05,109,94.9,8.32
2021,27,West Virginia,B12,0,0,21.75,116.8,95.1,69.6,-0.04,14.84,109.2,94.4,13.58
2021,28,North Carolina,ACC,0,0,21.52,110.8,89.3,71.8,-0.017,14.2,110.7,96.5,7.67
2021,29,LSU,SEC,0,0,21.02,120.5,99.4,70.8,0.002,13.5,107.8,94.3,0.56
2021,30,Oklahoma St.,B12,0,0,20.2,110.8,90.6,72,0.039,14.63,110.6,96,4.55
2021,31,Maryland,B10,0,0,20.15,111.6,91.5,65.3,-0.035,17.06,110.1,93.1,-0.8
2021,32,Georgia Tech,ACC,0,0,19.98,114,94.1,67.8,-0.005,12.25,108.7,96.5,-0.99
2021,33,Duke,ACC,0,0,19.61,115.5,95.9,68.9,-0.109,12.47,109,96.5,5.5
2021,34,Rutgers,B10,0,0,19.57,109.3,89.8,67.8,0.032,18.2,112.4,94.2,-5.43
2021,35,Penn St.,B10,0,0,19.55,113.4,93.8,69.4,-0.05,20.01,112.3,92.2,11.76
2021,36,Oregon,P12,0,0,19.11,115.1,96,67.2,0.048,10.06,107.7,97.6,2.73
2021,37,Florida,SEC,0,0,18.98,111.7,92.7,68.7,0.003,14.62,109.7,95.1,8.64
2021,38,Memphis,Amer,0,0,18.12,104.2,86,72.1,-0.09,6.96,104.6,97.7,1.08
2021,39,Oklahoma,B12,0,0,18.07,112.1,94.1,67.7,-0.038,12.45,108.2,95.7,0.59
2021,40,Utah St.,MWC,0,0,17.94,106.4,88.5,68.9,-0.032,5.13,104.8,99.7,7.49
2021,41,Syracuse,ACC,0,0,17.66,114.5,96.9,69.2,0.017,11.66,108.5,96.8,2.46
2021,42,Clemson,ACC,0,0,17.59,107.6,90,64.2,0.123,14.19,109.5,95.3,11.65
2021,43,Arizona,P12,0,0,17.37,114.1,96.7,68,-0.017,9.13,107,97.9,-5.55
2021,44,UCLA,P12,0,0,17.35,114.1,96.8,64.7,0.024,11.87,108.6,96.7,9.09
2021,45,VCU,A10,0,0,17.34,106.2,88.8,69.8,0.035,8.96,106.6,97.6,5.52
2021,46,Indiana,B10,0,0,17.24,110,92.8,66.2,-0.053,18.76,111.5,92.8,8.32
2021,47,Saint Louis,A10,0,0,16.97,111.6,94.7,67.8,-0.017,5.18,104.4,99.2,-2.06
2021,48,Mississippi,SEC,0,0,16.77,107.1,90.3,65.1,-0.054,10.17,107.6,97.4,-7.23
2021,49,Kentucky,SEC,0,0,16.66,108.9,92.2,68.4,-0.148,16.72,110.4,93.7,15.65
2021,50,Virginia Tech,ACC,0,0,16.65,110.7,94.1,66.2,0.066,9.31,107.6,98.2,0.54
2021,51,Missouri,SEC,0,0,16.58,110.9,94.4,68.7,0.088,15.08,109.8,94.7,9.77
2021,52,Seton Hall,BE,0,0,16.25,111.1,94.8,66.8,-0.027,14.45,109.6,95.1,11.18
2021,53,Drake,MVC,0,0,16.07,114.6,98.6,66.8,0.095,2.18,102.9,100.7,-9.27
2021,54,Louisville,ACC,0,0,15.53,108.5,93,66,0.118,13.4,109.8,96.4,7.4
2021,55,Georgetown,BE,0,0,15.49,108.4,92.9,69.6,0.001,14.45,110.3,95.8,4.5
2021,56,Michigan St.,B10,0,0,15.44,107.7,92.2,68.6,0.106,18.16,112.5,94.3,-0.53
2021,57,Davidson,A10,0,0,15.41,114.9,99.5,62.9,-0.076,6.81,104.4,97.6,1.14
2021,58,Minnesota,B10,0,0,15.38,109.4,94,70.3,0.011,17.63,111.6,93.9,-0.42
2021,59,SMU,Amer,0,0,15.27,110.2,95,69,0.022,7.3,104,96.7,-8.84
2021,60,Boise St.,MWC,0,0,14.99,109.8,94.8,69.4,-0.024,4.97,104.9,99.9,14.7
2021,61,Xavier,BE,0,0,14.72,111.4,96.7,68.2,0.003,10.4,107.9,97.5,2.02
2021,62,Toledo,MAC,0,0,14.62,115.6,101,69.1,-0.019,3.04,104.7,101.7,5.92
2021,63,Colorado St.,MWC,0,0,14.46,108.6,94.2,69.5,0.037,3.26,103.4,100.1,1.53
2021,64,Auburn,SEC,0,0,14.45,112,97.6,71.3,-0.044,13.98,108.8,94.8,5.41
2021,65,Richmond,A10,0,0,14.22,111.4,97.1,68.9,-0.045,8.94,106.6,97.6,10.67
2021,66,Wright St.,Horz,0,0,14.2,109.3,95.1,71.4,-0.078,-2.75,102.8,105.6,5.85
2021,67,St. John's,BE,0,0,14.15,111.9,97.8,73.6,0.014,11.11,107.5,96.4,-3.17
2021,68,Buffalo,MAC,0,0,13.81,108,94.2,73.6,-0.08,3.35,105.8,102.5,2.58
2021,69,UC Santa Barbara,BW,0,0,13.66,109.9,96.3,66.1,0.054,-0.54,101.4,101.9,2.48
2021,70,Northwestern,B10,0,0,13.48,105.4,91.9,68.7,-0.091,19.88,113,93.2,-18.81
2021,71,North Texas,CUSA,0,0,13.13,106.1,92.9,63.1,-0.042,4.33,103.5,99.1,5.22
2021,72,Utah,P12,0,0,13.11,111.2,98.1,67.9,-0.077,11.09,108,96.9,-6.93
2021,73,N.C. State,ACC,0,0,13.09,110.1,97,68.2,0.002,10.69,108.8,98.1,-6.35
2021,74,Wichita St.,Amer,0,0,12.98,110.7,97.7,67.6,0.121,9.09,105.4,96.4,12.6
2021,75,Saint Mary's,WCC,0,0,12.86,101.6,88.7,63.1,0.059,9.71,108,98.3,1.97
2021,76,Providence,BE,0,0,12.68,108.1,95.4,66.6,0.001,13.65,109.3,95.6,7.2
2021,77,Mississippi St.,SEC,0,0,12.61,107.2,94.6,65.7,-0.032,11.36,106.9,95.6,-1.95
2021,78,Ohio,MAC,0,0,12.54,113.7,101.2,69.3,0.027,4.23,105.3,101.1,1.47
2021,79,Dayton,A10,0,0,12.25,109.1,96.9,66.2,0.006,8.14,105,96.9,3.97
2021,80,Marquette,BE,0,0,12.19,108.3,96.1,67.7,-0.007,14.04,109.5,95.5,6.65
2021,81,Notre Dame,ACC,0,0,12.13,114.6,102.4,67.5,-0.029,14.55,110.7,96.2,14.35
2021,82,Louisiana Tech,CUSA,0,0,11.77,104.1,92.3,69.4,0.021,0.68,101.9,101.2,-9.28
2021,83,Stanford,P12,0,0,11.69,104.8,93.1,69.5,0.022,12.52,109,96.5,9.31
2021,84,Colgate,Pat,0,0,11.65,111.6,99.9,72.5,0.05,-6.6,99.1,105.7,-99
2021,85,Oregon St.,P12,0,0,11.6,110,98.4,65.4,0.075,11.16,108.6,97.4,-6.2
2021,86,Abilene Christian,Slnd,0,0,11.56,103.7,92.2,70,-0.027,-8.15,97.6,105.8,4.29
2021,87,Nevada,MWC,0,0,10.88,109.7,98.8,70.1,-0.012,6.18,104.4,98.2,6.34
2021,88,Missouri St.,MVC,0,0,10.86,108.2,97.3,69.4,0.039,3.57,103.8,100.2,-12.69
2021,89,Pittsburgh,ACC,0,0,10.59,108.8,98.2,68.6,-0.068,10.65,108.3,97.6,-4.37
2021,90,Marshall,CUSA,0,0,10.57,110,99.5,72.9,-0.068,1.26,102.4,101.2,0.83
2021,91,Winthrop,BSth,0,0,10.37,105.8,95.4,73.6,0.032,-6.45,98.8,105.3,3.95
2021,92,Furman,SC,0,0,10.36,110.5,100.1,67.9,-0.086,2.42,104,101.6,2.51
2021,93,Georgia,SEC,0,0,10.11,108.5,98.4,73.5,0.048,11.94,107.5,95.5,-6.68
2021,94,Western Kentucky,CUSA,0,0,10.1,106.4,96.3,67.9,0.087,3.13,103.1,99.9,9.86
2021,95,Nebraska,B10,0,0,10.09,102.9,92.8,72.1,-0.128,18.84,112.4,93.6,5.08
2021,96,Vanderbilt,SEC,0,0,10,109.6,99.6,69,-0.128,12.6,107.7,95.1,-3.32
2021,97,Liberty,ASun,0,0,9.8,110.8,101,63.1,-0.013,-6.63,98.5,105.1,1.17
2021,98,UAB,CUSA,0,0,9.8,104.1,94.3,67.3,0.005,-2.1,99.5,101.6,-12.69
2021,99,Akron,MAC,0,0,9.7,109.5,99.8,68.8,-0.001,4.97,106.2,101.2,22.25
2021,100,UNC Greensboro,SC,0,0,9.58,104.8,95.2,68.5,0.005,0.74,103.2,102.5,-2.77
2021,101,San Francisco,WCC,0,0,9.53,107.1,97.6,68,-0.104,6.97,105.9,98.9,4.65
2021,102,Loyola Marymount,WCC,0,0,9.51,108,98.5,66.3,0.033,7.23,104.9,97.6,5.68
2021,103,UCF,Amer,0,0,9.35,106.6,97.2,67.5,0.053,11.69,106.5,94.8,24.54
2021,104,Belmont,OVC,0,0,9.22,110.2,101,71.1,0.05,-5.93,98.6,104.6,-6.18
2021,105,Rhode Island,A10,0,0,9.22,105.6,96.4,69.3,-0.109,9.47,106.4,97,10.3
2021,106,Kent St.,MAC,0,0,8.84,106.7,97.9,70,0.023,4.6,106.8,102.2,8.66
2021,107,Washington St.,P12,0,0,8.79,101.1,92.4,67.9,-0.01,7.8,106.6,98.8,-10.19
2021,108,Grand Canyon,WAC,0,0,8.41,104.2,95.8,65.5,-0.061,-4.01,100.3,104.3,0.68
2021,109,UC Irvine,BW,0,0,8.1,101.2,93.1,67.7,0.031,1.56,102.7,101.1,5.09
2021,110,Eastern Washington,BSky,0,0,8.08,108.4,100.3,72.4,-0.081,-3.21,100.6,103.8,17.77
2021,111,UC Riverside,BW,0,0,8.05,103.5,95.4,67,-0.066,-0.89,101.6,102.5,-1.14
2021,112,Pepperdine,WCC,0,0,7.95,107.9,100,71.4,-0.002,9.76,106.8,97.1,7.16
2021,113,Arizona St.,P12,0,0,7.66,107.2,99.5,72.8,0.026,12.03,108.7,96.6,8.73
2021,114,Massachusetts,A10,0,0,7.59,106.4,98.8,72,-0.057,4.1,103.1,99,0.54
2021,115,Butler,BE,0,0,7.35,103.5,96.1,64.9,0.069,14.67,109.9,95.2,-0.4
2021,116,Cincinnati,Amer,0,0,7.16,104,96.8,71,0.115,10.33,106.8,96.5,9.45
2021,117,South Dakota St.,Sum,0,0,7.07,111.3,104.2,71.2,0.008,-0.24,102.7,103,7.21
2021,118,Indiana St.,MVC,0,0,7.01,103.3,96.2,67.2,0.079,6.32,105.5,99.1,9.22
2021,119,Duquesne,A10,0,0,6.99,102.6,95.7,69.2,0.007,7.04,105.1,98.1,2.08
2021,120,Yale,Ivy,0,0,6.85,107.8,101,68.1,0,-99,0,200,-99
2021,121,Bowling Green,MAC,0,0,6.61,107.9,101.3,70.4,-0.018,4.44,105.8,101.4,1.83
2021,122,South Carolina,SEC,0,0,6.35,104.4,98,74.9,-0.055,14.96,109.3,94.3,8.39
2021,123,Pacific,WCC,0,0,6.32,103.8,97.5,67.3,0.021,8.74,106.7,98,3.92
2021,124,Wofford,SC,0,0,6.07,107,101,66.2,0.025,3.2,104.8,101.6,5.84
2021,125,Tulsa,Amer,0,0,5.95,102.9,96.9,65.8,-0.024,7.99,105,97,-3.93
2021,126,East Tennessee St.,SC,0,0,5.68,103.8,98.1,65.7,-0.063,3.71,104.7,101,4.37
2021,127,Weber St.,BSky,0,0,5.37,107.7,102.3,72.2,-0.028,-4.66,100,104.7,5.89
2021,128,Morehead St.,OVC,0,0,5.32,100.9,95.5,65.6,0.152,-1.99,101.4,103.4,16.33
2021,129,Mercer,SC,0,0,5.16,106.9,101.7,68,-0.002,1.91,103.8,101.9,1.39
2021,130,Vermont,AE,0,0,5.05,106.2,101.1,66.7,-0.069,-7.97,96.2,104.2,-99
2021,131,George Mason,A10,0,0,4.99,102,97,68.4,0.046,3.6,104.5,100.9,-4.85
2021,132,Miami FL,ACC,0,0,4.92,102.8,97.9,68.1,0.019,12.04,109.2,97.2,-7.99
2021,133,DePaul,BE,0,0,4.82,98.4,93.5,70.9,-0.048,13.52,109,95.5,-9.36
2021,134,Texas A&M,SEC,0,0,4.32,102.4,98.1,64.6,0.018,8.44,106.5,98.1,-6.36
2021,135,UTEP,CUSA,0,0,4.2,103.9,99.7,68.2,-0.065,4.36,103.2,98.9,18.35
2021,136,California,P12,0,0,4.03,104,100,65.1,-0.067,11.18,108.4,97.2,0.86
2021,137,Ball St.,MAC,0,0,3.91,104.2,100.3,71,-0.049,5.08,106.4,101.3,3.96
2021,138,TCU,B12,0,0,3.89,105,101.1,66.9,0.089,11.14,107.4,96.3,-0.19
2021,139,Temple,Amer,0,0,3.88,101.9,98.1,69,-0.092,7.99,105.2,97.2,-13.57
2021,140,Bradley,MVC,0,0,3.47,104.1,100.6,66.2,-0.086,5.61,105.3,99.7,5.98
2021,141,Southern Utah,BSky,0,0,3.46,108.6,105.1,70.2,0.082,-5.2,99.9,105.1,-1.83
2021,142,Cal St. Bakersfield,BW,0,0,3.36,104.5,101.1,63.9,-0.024,-0.19,101.7,101.9,1.5
2021,143,Boston College,ACC,0,0,3.23,105.7,102.4,71.1,-0.097,13.77,110.5,96.7,12.96
2021,144,North Dakota St.,Sum,0,0,3.18,103.6,100.4,64.9,-0.033,-0.33,103.5,103.8,10.32
2021,145,Miami OH,MAC,0,0,3.05,106.9,103.9,66.1,0.002,3.38,104.9,101.5,-1.17
2021,146,Drexel,CAA,0,0,3.05,107.8,104.8,64.2,-0.043,-3.31,100.4,103.7,-5.56
2021,147,Detroit,Horz,0,0,2.99,110.4,107.4,67.4,-0.051,-1.31,103.6,104.9,9.06
2021,148,VMI,SC,0,0,2.91,108.5,105.6,70.2,-0.048,2.9,104.5,101.6,5.26
2021,149,Tulane,Amer,0,0,2.82,99.9,97.1,67.6,0.013,6.31,103.9,97.6,-15.37
2021,150,Old Dominion,CUSA,0,0,2.82,101.8,98.9,67.7,0.14,2.47,102.5,100,5.86
2021,151,Cleveland St.,Horz,0,0,2.8,101.5,98.7,66.3,0.19,-1.09,105,106.1,21.21
2021,152,Oral Roberts,Sum,0,0,2.64,109.4,106.7,71.8,0.013,0.01,102.9,102.8,21.34
2021,153,Georgia St.,SB,0,0,2.61,106.2,103.6,70.8,0.076,-1.93,101.2,103.1,4.58
2021,154,Santa Clara,WCC,0,0,2.45,100.5,98.1,70.7,0.147,4.37,103.6,99.2,-0.47
2021,155,Stephen F. Austin,Slnd,0,0,2.45,103.7,101.2,69.9,0.047,-8.3,97.7,106,-2.85
2021,156,Chattanooga,SC,0,0,2.4,103.6,101.2,66.7,0.102,0.5,103.1,102.6,-3.78
2021,157,Kansas St.,B12,0,0,2.29,99.8,97.5,65.8,0.026,13.08,109.4,96.3,-2.1
2021,158,Navy,Pat,0,0,2.23,104.7,102.4,66.3,0.179,-4.93,98.1,103.1,8.07
2021,159,Jacksonville St.,OVC,0,0,2.21,105.7,103.5,66.1,0.017,-2.77,100.9,103.6,4.28
2021,160,New Mexico St.,WAC,0,0,2.11,104.3,102.2,65,-0.066,-3.77,99.6,103.3,-5.29
2021,161,Northern Iowa,MVC,0,0,1.92,103.9,102,69.1,-0.022,6.87,104.9,98,14.65
2021,162,Princeton,Ivy,0,0,1.89,104.7,102.8,66.8,0,-99,0,200,-99
2021,163,Wyoming,MWC,0,0,1.84,109.9,108,69.3,0.046,1.07,102.1,101,-13.29
2021,164,Northeastern,CAA,0,0,1.83,99.3,97.5,67.3,0.056,3.1,105.1,102,15.02
2021,165,East Carolina,Amer,0,0,1.79,99.8,98.1,68.2,-0.016,5.33,103.9,98.5,-7.05
2021,166,UMBC,AE,0,0,1.75,101.4,99.7,67.9,-0.013,-4.58,98.6,103.2,-3.09
2021,167,UTSA,CUSA,0,0,1.69,106.9,105.3,72.1,0.021,2.36,102,99.6,3.47
2021,168,Murray St.,OVC,0,0,1.61,104,102.4,66.5,-0.177,-5.13,99.4,104.5,-3.79
2021,169,UNLV,MWC,0,0,1.44,104.7,103.2,66.4,-0.037,5.55,104.2,98.7,13.16
2021,170,Wake Forest,ACC,0,0,1.37,102.1,100.7,67.3,-0.109,13.66,110.3,96.7,-17.76
2021,171,James Madison,CAA,0,0,1.26,104.2,102.9,72.1,-0.048,-1.83,101.1,102.9,-0.38
2021,172,Eastern Kentucky,OVC,0,0,1.25,101.8,100.5,75.1,0.085,-5.41,99.6,105,-8.14
2021,173,Washington,P12,0,0,1.18,102.6,101.5,71.3,-0.061,13.47,109.5,96.1,9.28
2021,174,Bryant,NEC,0,0,1.15,104.4,103.2,73.6,-0.039,-7.55,98.2,105.8,4.57
2021,175,Coastal Carolina,SB,0,0,1.06,100.9,99.9,70.9,-0.081,-6.37,98.6,105,-13.06
2021,176,South Dakota,Sum,0,0,1.02,107.2,106.2,69.2,-0.015,-1.27,102.5,103.8,9.71
2021,177,South Florida,Amer,0,0,0.79,100.9,100.1,67,0.049,9.08,105.7,96.6,1.88
2021,178,Iowa St.,B12,0,0,0.72,100.5,99.8,70.2,-0.12,16.42,110.9,94.5,2.92
2021,179,Gardner Webb,BSth,0,0,0.66,105.2,104.5,67,-0.165,-3.85,100.2,104,12.58
2021,180,Harvard,Ivy,0,0,0.56,102.6,102.1,68.3,0,-99,0,200,-99
2021,181,Iona,MAAC,0,0,0.39,101.1,100.7,68.3,0.038,-7.05,97.4,104.4,-0.41
2021,182,Florida Atlantic,CUSA,0,0,0.29,102.4,102.1,68.4,-0.098,-1.98,100.8,102.8,-0.69
2021,183,Bellarmine,ASun,0,0,0.18,108.1,107.9,64.7,-0.014,-5.71,99.2,104.9,7.18
2021,184,Sam Houston St.,Slnd,0,0,0.12,101.6,101.5,71.2,0.092,-3.34,100,103.3,14.9
2021,185,Texas St.,SB,0,0,-0.06,99.9,100,62.8,0.072,-6.64,98.2,104.8,-8.99
2021,186,Siena,MAAC,0,0,-0.36,100.4,100.8,66.5,-0.057,-7.48,96.5,104,-99
2021,187,Fresno St.,MWC,0,0,-0.45,100.6,101,66.1,0.065,4.99,104.5,99.5,-99
2021,188,Hofstra,CAA,0,0,-0.56,106.6,107.2,68.4,0.052,-1.22,101.6,102.8,5.14
2021,189,Army,Pat,0,0,-0.84,99.4,100.2,68.4,0.048,-0.91,103.1,104,3.27
2021,190,Rice,CUSA,0,0,-0.97,104.5,105.5,69.6,0.039,1.86,101.6,99.7,-12.42
2021,191,Valparaiso,MVC,0,0,-1.22,97.2,98.4,67.3,-0.028,6.2,105.5,99.3,5.52
2021,192,Hartford,AE,0,0,-1.3,98.2,99.5,66.7,0.078,-6.24,98.2,104.4,-0.13
2021,193,Southern Illinois,MVC,0,0,-1.41,100.5,101.9,66.5,0.075,4.44,104.1,99.7,-4.95
2021,194,La Salle,A10,0,0,-1.54,102.8,104.3,68.8,-0.012,7.49,104.7,97.2,6.3
2021,195,Northern Kentucky,Horz,0,0,-1.74,104.9,106.6,65,0.056,-2.25,102.2,104.5,4.25
2021,196,Hawaii,BW,0,0,-1.82,101.7,103.5,67.2,-0.02,-0.92,100.8,101.8,-99
2021,197,Saint Joseph's,A10,0,0,-1.82,102.1,103.9,72.3,0.027,10.93,107.8,96.8,15.54
2021,198,Illinois St.,MVC,0,0,-1.96,99.3,101.3,69.3,-0.112,5.15,105.2,100.1,2.22
2021,199,Elon,CAA,0,0,-2.18,97.5,99.7,66.8,0.014,-1.5,102,103.5,-4.33
2021,200,Norfolk St.,MEAC,0,0,-2.31,101.3,103.6,67.7,0.031,-8.31,96.9,105.2,-0.73
2021,201,Nicholls St.,Slnd,0,0,-2.42,100.6,103.1,71.9,0.121,-7.88,98,105.9,6.7
2021,202,Montana,BSky,0,0,-2.42,98.7,101.1,66,0.009,0.69,103.5,102.8,16.26
2021,203,Evansville,MVC,0,0,-2.54,106.4,108.9,62.3,0.011,3.73,103.2,99.5,-4.73
2021,204,San Diego,WCC,0,0,-2.55,97.6,100.1,70.5,-0.025,9.14,107.1,98,7.49
2021,205,Milwaukee,Horz,0,0,-2.61,102.9,105.5,70.1,-0.01,-1.58,102,103.6,0.45
2021,206,Louisiana,SB,0,0,-2.67,100.8,103.5,71.3,0.096,-4.34,99.9,104.2,-2.43
2021,207,Oakland,Horz,0,0,-2.8,104.9,107.7,70,0.046,2.88,105.6,102.7,20.14
2021,208,Campbell,BSth,0,0,-2.84,103.6,106.5,64.2,0.064,-5.3,98.8,104.1,-2.23
2021,209,Appalachian St.,SB,0,0,-2.91,100.1,103,65.7,0.06,-2.97,100.1,103.1,5.72
2021,210,Loyola MD,Pat,0,0,-2.91,97.7,100.6,68.7,-0.19,-4.09,101.9,106,-99
2021,211,Utah Valley,WAC,0,0,-3.12,100.7,103.9,70.5,0.007,-0.66,102.3,103,11.03
2021,212,Wagner,NEC,0,0,-3.17,101.9,105,65.9,0.068,-7.86,98,105.9,19.77
2021,213,Penn,Ivy,0,0,-3.27,101,104.2,69.4,0,-99,0,200,-99
2021,214,Austin Peay,OVC,0,0,-3.31,104.6,107.9,67.1,-0.071,-5.47,98.4,103.9,-2.01
2021,215,Cornell,Ivy,0,0,-3.33,102.1,105.5,67,0,-99,0,200,-99
2021,216,The Citadel,SC,0,0,-3.38,104.6,108,74.5,0.064,2.42,104,101.6,-10.59
2021,217,South Alabama,SB,0,0,-3.42,103.7,107.1,66.9,0.043,-3.29,99.2,102.5,-1.61
2021,218,UMKC,Sum,0,0,-3.48,96.2,99.7,62.9,-0.074,-0.1,103.7,103.8,11.54
2021,219,Mount St. Mary's,NEC,0,0,-3.58,96.1,99.7,62.2,0.006,-6.06,99.4,105.5,11.52
2021,220,Saint Peter's,MAAC,0,0,-3.59,91.2,94.8,67,-0.006,-6.47,98,104.4,4.27
2021,221,Morgan St.,MEAC,0,0,-3.69,100.5,104.2,72.2,-0.037,-8.26,96.1,104.3,0.2
2021,222,UC Davis,BW,0,0,-3.82,98,101.8,69.5,0.087,-2.49,100.8,103.3,-1.93
2021,223,George Washington,A10,0,0,-4.02,102.6,106.6,68.1,-0.094,0.92,99.8,98.9,-6.29
2021,224,Montana St.,BSky,0,0,-4.02,99.4,103.4,68.6,0.055,-2.78,101.3,104.1,4.07
2021,225,Delaware,CAA,0,0,-4.11,97.9,102,66.8,-0.069,-3.89,101.7,105.6,-1.92
2021,226,Charleston,CAA,0,0,-4.37,103,107.4,63.9,-0.03,-1.93,101.4,103.4,2.47
2021,227,Monmouth,MAAC,0,0,-4.43,99.6,104,74.5,0.05,-6.35,96.7,103.1,-3.59
2021,228,UMass Lowell,AE,0,0,-4.52,100.4,104.9,69.3,0.055,-1.93,100.2,102.1,12.27
2021,229,Texas Southern,SWAC,0,0,-4.63,99.7,104.3,72,0.055,-10.23,94,104.2,13.39
2021,230,Stony Brook,AE,0,0,-4.77,95.4,100.2,66.8,-0.09,-3.14,100,103.2,2.37
2021,231,Seattle,WAC,0,0,-4.86,98.5,103.4,69.1,-0.036,-2.99,101.5,104.5,-3.68
2021,232,Youngstown St.,Horz,0,0,-4.86,103.2,108.1,67.9,0.032,-3.47,102.1,105.5,-10.05
2021,233,Charlotte,CUSA,0,0,-4.93,97.9,102.8,63,-0.032,0.67,102.2,101.5,-4.65
2021,234,Albany,AE,0,0,-5.07,98,103.1,69.9,-0.079,-4.53,98.8,103.3,-3.82
2021,235,Radford,BSth,0,0,-5.26,98.4,103.7,63.8,0.023,-4.52,99.9,104.5,8.14
2021,236,UNC Asheville,BSth,0,0,-5.27,101.4,106.7,68.5,-0.008,-5.46,99.2,104.7,-4.67
2021,237,Western Carolina,SC,0,0,-5.3,100.5,105.8,70.8,0.031,1.82,104.2,102.4,-3.83
2021,238,Longwood,BSth,0,0,-5.32,98.7,104,65.3,-0.025,-4.65,99.9,104.6,1.92
2021,239,UNC Wilmington,CAA,0,0,-5.53,102.8,108.3,69.3,-0.122,-4.59,100,104.6,-2.18
2021,240,Little Rock,SB,0,0,-5.55,98.8,104.4,67.3,-0.04,-3.32,99.4,102.7,3.6
2021,241,UC San Diego,BW,0,0,-5.63,101.9,107.5,70.1,0.023,4.36,103.1,98.7,4.36
2021,242,Lipscomb,ASun,0,0,-5.68,101.2,106.8,66.4,0.024,-4.44,99.7,104.2,2.66
2021,243,Cal Baptist,WAC,0,0,-5.75,104.5,110.2,70.8,-0.016,-5.8,98.9,104.7,-10.16
2021,244,Brown,Ivy,0,0,-5.83,96,101.8,69.9,0,-99,0,200,-99
2021,245,Green Bay,Horz,0,0,-5.86,103.4,109.2,66.3,-0.042,-0.6,103.3,103.9,13.63
2021,246,Prairie View A&M,SWAC,0,0,-5.89,94.8,100.7,69.5,0.111,-15.04,92.6,107.6,6.1
2021,247,Northern Colorado,BSky,0,0,-5.91,98.9,104.9,68.2,-0.004,-3.76,99.8,103.6,13.52
2021,248,Stetson,ASun,0,0,-5.92,101.7,107.6,68.7,-0.014,-3.49,100.9,104.4,7.68
2021,249,Niagara,MAAC,0,0,-6.06,100.4,106.5,64.8,-0.041,-5.92,96.3,102.2,9.66
2021,250,Canisius,MAAC,0,0,-6.08,99.8,105.9,70.9,0.058,-5.71,95.8,101.5,-99
2021,251,Arkansas St.,SB,0,0,-6.57,99.7,106.3,67.9,-0.041,-4.16,98.9,103.1,7.84
2021,252,Long Beach St.,BW,0,0,-6.61,97.7,104.3,74.1,-0.011,-0.81,101.5,102.3,3.55
2021,253,Boston University,Pat,0,0,-6.61,101.2,107.8,65.9,0.008,-1.67,102.6,104.3,-99
2021,254,UT Arlington,SB,0,0,-6.61,98.7,105.3,69.6,0.051,-3.34,99.3,102.7,12.2
2021,255,Southern Miss,CUSA,0,0,-6.88,93.5,100.4,67.8,-0.078,0.5,101.5,101,-6.27
2021,256,IUPUI,Horz,0,0,-6.98,97.2,104.2,72.4,0.076,-1.89,102.2,104.1,-15.82
2021,257,Lafayette,Pat,0,0,-7.02,103.8,110.8,68.9,0.062,-8.57,96.5,105.1,-99
2021,258,Portland St.,BSky,0,0,-7.11,92.9,100,69.6,-0.135,-4.31,100.1,104.4,5.65
2021,259,Cal St. Fullerton,BW,0,0,-7.45,101.7,109.1,72.1,-0.044,-1.57,101.4,102.9,-2.56
2021,260,Sacramento St.,BSky,0,0,-7.53,102.5,110,65.6,-0.03,-1,102.1,103.1,3.15
2021,261,American,Pat,0,0,-7.68,97.3,105,67.8,0.065,-1.21,101,102.2,-99
2021,262,Samford,SC,0,0,-7.81,97.1,104.9,73,-0.035,2.62,103.9,101.2,-3.79
2021,263,LIU,NEC,0,0,-7.82,94.5,102.3,74,-0.021,-8.44,98.5,106.9,-99
2021,264,Marist,MAAC,0,0,-7.98,92.3,100.2,66.4,0.082,-7.53,96.9,104.4,-13.48
2021,265,New Hampshire,AE,0,0,-7.99,96.7,104.7,66.8,0.056,-6.29,97.2,103.5,-4.11
2021,266,Tarleton St.,WAC,0,0,-8.02,97.3,105.3,64.7,-0.052,-0.37,101.2,101.6,10.59
2021,267,Western Michigan,MAC,0,0,-8.03,95.8,103.8,66.3,-0.036,4.99,106.6,101.6,5.67
2021,268,Idaho St.,BSky,0,0,-8.33,93.7,102,64.5,0,-4.21,100,104.2,3.77
2021,269,Southeast Missouri St.,OVC,0,0,-8.34,96.2,104.5,68.7,-0.003,-4.65,99.5,104.2,-1.16
2021,270,Georgia Southern,SB,0,0,-8.36,94.6,103,67,0.032,-3.51,100.3,103.8,-1.46
2021,271,Purdue Fort Wayne,Horz,0,0,-8.48,101.4,109.9,69.9,-0.025,-3.08,102.3,105.4,-20
2021,272,Jackson St.,SWAC,0,0,-8.65,88.4,97.1,68.7,0.111,-13.45,93.1,106.5,12.35
2021,273,Cal St. Northridge,BW,0,0,-8.67,101.5,110.2,70.4,0.059,-0.73,101.3,102,1.49
2021,274,Bucknell,Pat,0,0,-8.68,98.1,106.8,72.2,-0.018,-6.7,99.8,106.5,-99
2021,275,Central Michigan,MAC,0,0,-8.73,101.1,109.8,72.4,-0.046,1.55,103.8,102.3,-6.43
2021,276,Dartmouth,Ivy,0,0,-8.83,95.6,104.4,66.8,0,-99,0,200,-99
2021,277,Merrimack,NEC,0,0,-8.86,91.8,100.6,66.8,0.014,-8.31,98.8,107.1,-99
2021,278,Eastern Michigan,MAC,0,0,-9.05,98,107.1,68.4,-0.039,6.01,107.1,101.1,18.74
2021,279,Illinois Chicago,Horz,0,0,-9.06,94.1,103.2,68.5,0.05,-2.83,102.5,105.3,-0.89
2021,280,Florida A&M,MEAC,0,0,-9.17,90.9,100.1,68.7,-0.011,-6.51,98.3,104.8,12.15
2021,281,High Point,BSth,0,0,-9.31,96.9,106.2,66.4,-0.033,-4.73,99.7,104.4,0.29
2021,282,Columbia,Ivy,0,0,-9.39,95.4,104.8,69.1,0,-99,0,200,-99
2021,283,North Alabama,ASun,0,0,-9.43,94.9,104.4,70.9,0.051,-5.56,100.1,105.6,2.91
2021,284,Quinnipiac,MAAC,0,0,-9.47,90.2,99.7,72.3,-0.042,-7.38,97.4,104.8,-4.76
2021,285,North Carolina A&T,MEAC,0,0,-9.49,96.1,105.6,70.9,0.078,-5.28,97.6,102.9,2.43
2021,286,New Orleans,Slnd,0,0,-9.57,97.8,107.3,72.7,-0.093,-8.76,98.1,106.9,1.85
2021,287,Coppin St.,MEAC,0,0,-9.66,91.6,101.2,77.1,0.073,-2.46,101.5,103.9,7.3
2021,288,Florida Gulf Coast,ASun,0,0,-9.76,93.8,103.6,70.9,0.072,-7,98.4,105.4,-5.38
2021,289,New Mexico,MWC,0,0,-9.9,92.4,102.3,68.1,-0.039,3.71,104.6,100.9,-4.99
2021,290,Fairleigh Dickinson,NEC,0,0,-9.93,101.8,111.7,71,0.017,-5.46,99,104.5,3.94
2021,291,St. Francis NY,NEC,0,0,-9.96,102,111.9,72.8,0.03,-7.99,97.3,105.3,-6.76
2021,292,UT Rio Grande Valley,WAC,0,0,-9.98,92.1,102,69.9,-0.05,-4.7,99.2,103.9,-2.11
2021,293,North Dakota,Sum,0,0,-10.05,97.6,107.6,67.4,0.077,-0.57,103.5,104.1,5.29
2021,294,Robert Morris,Horz,0,0,-10.12,99,109.2,67.6,-0.053,-0.02,104.9,105,8.62
2021,295,Holy Cross,Pat,0,0,-10.25,98.1,108.4,69.5,-0.047,-1.98,102.1,104.1,-99
2021,296,NJIT,AE,0,0,-10.29,94.8,105.1,68.5,0.024,-4.39,98.6,103,-0.96
2021,297,FIU,CUSA,0,0,-10.34,97.8,108.2,70.7,-0.09,-0.73,101.5,102.2,-7.9
2021,298,Towson,CAA,0,0,-10.39,99.9,110.3,66.1,-0.022,-0.41,102.2,102.6,8.75
2021,299,William & Mary,CAA,0,0,-10.44,95.6,106,68.4,0.106,-0.64,103.1,103.7,0.38
2021,300,Fordham,A10,0,0,-10.69,87.3,98,64.1,0.018,6.8,105.9,99.1,-99
2021,301,Jacksonville,ASun,0,0,-10.77,93.9,104.6,67.9,0.05,-5.31,100,105.3,-5.25
2021,302,St. Francis PA,NEC,0,0,-10.79,95.7,106.5,68.9,-0.066,-4.87,100.2,105,13.06
2021,303,Louisiana Monroe,SB,0,0,-10.92,93.7,104.6,67.4,-0.04,-4.26,99.2,103.4,-3.51
2021,304,Western Illinois,Sum,0,0,-10.92,98,108.9,71.8,-0.01,-2.01,103.2,105.2,-0.04
2021,305,Troy,SB,0,0,-10.93,92.8,103.7,68.6,0.036,-0.95,101.2,102.1,3.15
2021,306,Middle Tennessee,CUSA,0,0,-11.17,91.8,103,69.5,-0.035,2.27,102.1,99.9,0.7
2021,307,North Florida,ASun,0,0,-11.18,102.1,113.3,66.8,0.036,-2.53,100.4,103,4.04
2021,308,Fairfield,MAAC,0,0,-11.24,95.4,106.7,64.6,0.005,-5.5,96.7,102.2,-0.53
2021,309,Eastern Illinois,OVC,0,0,-11.43,96.2,107.7,69.2,-0.004,-3.75,100.7,104.4,2.62
2021,310,Lamar,Slnd,0,0,-11.61,93.4,105,67.8,0.009,-4.89,98.9,103.8,2
2021,311,Southern,SWAC,0,0,-11.88,91.7,103.6,70.9,-0.075,-13.5,92.8,106.3,17.24
2021,312,Nebraska Omaha,Sum,0,0,-11.94,94.5,106.4,71,-0.017,0.98,103.6,102.7,9.71
2021,313,Tennessee Tech,OVC,0,0,-12.05,96.8,108.9,69.1,-0.055,0.11,102.2,102.1,10.91
2021,314,Howard,MEAC,0,0,-12.18,99,111.1,69.9,0.102,-1.49,103.2,104.7,-1.49
2021,315,Manhattan,MAAC,0,0,-12.52,90.2,102.7,67.3,-0.006,-7.47,96.3,103.8,-19.41
2021,316,Rider,MAAC,0,0,-12.53,100.1,112.6,67.9,-0.041,-4.3,97.1,101.4,10.17
2021,317,Sacred Heart,NEC,0,0,-12.77,99.3,112,66.5,0.13,-6.59,98.3,104.9,23
2021,318,Tennessee St.,OVC,0,0,-12.82,91,103.8,71.5,-0.103,-3.68,100.5,104.2,-2.47
2021,319,USC Upstate,BSth,0,0,-12.87,95.5,108.4,68.6,-0.032,-2.37,100.4,102.8,7.86
2021,320,SIU Edwardsville,OVC,0,0,-13.04,93.3,106.4,68.5,0.008,-2.58,101.1,103.7,3.21
2021,321,Northwestern St.,Slnd,0,0,-13.18,97.1,110.3,71.1,0.077,-4.25,100.4,104.7,14.12
2021,322,Binghamton,AE,0,0,-13.48,97.8,111.3,66.3,-0.095,-4.12,98.3,102.4,-8.09
2021,323,Grambling St.,SWAC,0,0,-13.57,92.2,105.8,70.1,0.036,-11.55,93.3,104.8,6.9
2021,324,Presbyterian,BSth,0,0,-13.63,91.4,105,66,-0.057,-6.66,98.8,105.5,-10.91
2021,325,Hampton,BSth,0,0,-13.82,95.6,109.5,70.7,0.118,-7.37,98.5,105.8,-3.25
2021,326,Northern Arizona,BSky,0,0,-14.09,98.4,112.5,64.2,0.038,0.05,102.3,102.3,11.46
2021,327,North Carolina Central,MEAC,0,0,-14.42,94,108.4,66.3,0.033,-6.37,96.2,102.6,13.41
2021,328,Portland,WCC,0,0,-14.55,96.8,111.4,71.4,0.054,7.35,105.8,98.5,0.61
2021,329,Air Force,MWC,0,0,-14.57,95.2,109.7,63.1,0.028,4.47,104.6,100.1,-3.44
2021,330,San Jose St.,MWC,0,0,-14.77,96.5,111.2,72.1,0.006,6.18,103.8,97.6,1.59
2021,331,Dixie St.,WAC,0,0,-15,91.5,106.5,73.4,0.07,-3.59,100.4,104,-3.62
2021,332,Central Arkansas,Slnd,0,0,-15.14,97.8,113,71.1,-0.018,1.11,102.4,101.3,19.95
2021,333,Lehigh,Pat,0,0,-15.32,92.5,107.8,70.3,0.063,-5.56,100.9,106.5,-99
2021,334,Cal Poly,BW,0,0,-15.44,90,105.5,67.1,0.015,1.28,102.1,100.8,-1.13
2021,335,Northern Illinois,MAC,0,0,-15.58,94.3,109.8,65.7,-0.003,3.55,105.5,101.9,-5.05
2021,336,Kennesaw St.,ASun,0,0,-16.5,88,104.5,69.7,-0.088,-2.38,102.5,104.9,8.65
2021,337,Charleston Southern,BSth,0,0,-16.65,90.6,107.2,69.9,-0.049,-3.34,100.6,104,1.43
2021,338,Southeastern Louisiana,Slnd,0,0,-16.78,93.3,110.1,68.9,0.043,-5.88,99.7,105.6,4.56
2021,339,Central Connecticut,NEC,0,0,-16.91,93.6,110.5,70.6,0.003,-5.61,99.2,104.8,8.26
2021,340,McNeese St.,Slnd,0,0,-17.54,96.2,113.7,68.8,-0.09,-9.94,97.1,107,6.46
2021,341,Houston Baptist,Slnd,0,0,-17.79,92.8,110.6,72.9,-0.003,-3.78,100.1,103.8,10.28
2021,342,Incarnate Word,Slnd,0,0,-17.86,93.9,111.7,64.9,-0.049,-7.75,97.9,105.6,6.93
2021,343,Denver,Sum,0,0,-18.09,94.1,112.2,71.2,-0.105,-4.53,100.6,105.1,-6.44
2021,344,Maine,AE,0,0,-18.17,86.5,104.7,64.9,0.028,-0.88,100.7,101.6,6.58
2021,345,Texas A&M Corpus Chris,Slnd,0,0,-18.27,89.7,108,69.9,-0.093,-4.28,98.7,102.9,2.91
2021,346,Alcorn St.,SWAC,0,0,-18.28,91.2,109.5,69.7,-0.026,-9.27,95.5,104.8,21.21
2021,347,Tennessee Martin,OVC,0,0,-19.26,93,112.2,67.7,0.122,-2.76,100.9,103.7,-1.44
2021,348,Alabama A&M,SWAC,0,0,-20.02,85.1,105.1,67.8,0.018,-12.88,92.9,105.8,-5.71
2021,349,Bethune Cookman,MEAC,0,0,-20.66,90.9,111.6,72.5,0,-99,0,200,-99
2021,350,Delaware St.,MEAC,0,0,-22.53,91.5,114.1,73.6,-0.064,-3.49,99,102.5,2.42
2021,351,Arkansas Pine Bluff,SWAC,0,0,-22.62,91.5,114.1,67.3,-0.086,-4.38,96.9,101.3,15.29
2021,352,Idaho,BSky,0,0,-22.98,90.4,113.4,67.1,-0.021,-1.42,101.8,103.2,11.99
2021,353,South Carolina St.,MEAC,0,0,-23.53,87.7,111.2,72,-0.109,-4.65,98.2,102.9,2.03
2021,354,Alabama St.,SWAC,0,0,-25.09,84.6,109.7,71.1,-0.049,-15.48,90.9,106.3,-99
2021,355,Maryland Eastern Shore,MEAC,0,0,-25.73,84.7,110.4,68,0,-99,0,200,-99
2021,356,Chicago St.,WAC,0,0,-27.97,89,116.9,67.8,-0.006,9.13,106.8,97.7,9.13
2021,357,Mississippi Valley St.,SWAC,0,0,-40.49,79.7,120.1,71.4,0.04,-5.01,96.8,101.8,15.41
